t,x,y,z,dist_to_sep
0.000000000000000000e+00,1.951218868319013477e+00,2.840063575038016645e-03,3.001804783225829089e-03,1.951220935221135155e+00
1.007324297744222191e-01,1.952940258710388344e+00,1.923488389102882834e-01,1.002880327352092399e-02,1.962389800707783571e+00
2.014648595488444383e-01,1.913257437134681771e+00,3.850886882478400386e-01,2.799164937100404385e-02,1.951626838964768185e+00
3.021972893232666713e-01,1.847979677491945250e+00,5.734701605305929650e-01,4.101251808838300705e-02,1.934915221254465800e+00
4.029297190976888765e-01,1.782792695863009369e+00,7.622093439723645059e-01,4.835756712068273178e-02,1.938894757448500261e+00
5.036621488721111373e-01,1.698267621004109884e+00,9.451151564264038685e-01,5.266814488546883027e-02,1.943542016900551728e+00
6.043945786465333425e-01,1.597943264970136390e+00,1.108871791329735013e+00,6.879964468846327952e-02,1.944998541816994386e+00
7.051270084209555478e-01,1.461974657505207054e+00,1.252377103650445633e+00,8.424878782665100319e-02,1.925050209458274431e+00
8.058594381953777530e-01,1.326663558553774713e+00,1.373909656386245182e+00,1.021308934835050281e-01,1.909885845150420369e+00
9.065918679697999583e-01,1.186936160787058769e+00,1.506235402163529580e+00,1.143292811332946718e-01,1.917697196252487579e+00
1.007324297744222275e+00,1.031419284242388601e+00,1.618445030686409991e+00,1.202347704493726688e-01,1.919163895361887917e+00
1.108056727518644369e+00,8.385472597056954358e-01,1.704472818605627049e+00,1.353996850262931817e-01,1.899576030625081735e+00
1.208789157293066685e+00,6.596152231466964055e-01,1.754373704351918306e+00,1.377838747488135673e-01,1.874278351026959388e+00
1.309521587067488779e+00,4.877751412053958902e-01,1.810305119907173577e+00,1.565001672373066977e-01,1.874867786149218007e+00
1.410254016841911096e+00,3.034559796727377967e-01,1.848334801540303829e+00,1.701995575571866870e-01,1.873079568567276754e+00
1.510986446616333190e+00,1.163270553616076036e-01,1.859898150075976142e+00,1.856471043983629610e-01,1.863532428605721991e+00
1.611718876390755506e+00,-7.536616120735284419e-02,1.832797432214908540e+00,1.982945014958453767e-01,1.834346337469752397e+00
1.712451306165177822e+00,-2.608996595818517394e-01,1.791761344542616374e+00,2.053818810780577153e-01,1.810656606915593603e+00
1.813183735939599917e+00,-4.404052485993565913e-01,1.757712975009764866e+00,2.141877466195766244e-01,1.812046270245751600e+00
1.913916165714022233e+00,-5.978779065159977035e-01,1.699130437798671345e+00,2.295487794558340178e-01,1.801250186885169136e+00
2.014648595488444549e+00,-7.655422693661217970e-01,1.610559332861539295e+00,2.397781726815398085e-01,1.783243205750028482e+00
2.115381025262866643e+00,-9.050451150382072818e-01,1.504881364343378936e+00,2.577701213998980223e-01,1.756067931773287460e+00
2.216113455037288738e+00,-1.054330761919886061e+00,1.388294308860547499e+00,2.729220830249715068e-01,1.743265454124859559e+00
2.316845884811710832e+00,-1.185764557806777253e+00,1.267345903088245462e+00,2.771221152101761565e-01,1.735569999920850925e+00
2.417578314586133370e+00,-1.291823288003627335e+00,1.139933551238354381e+00,2.916024717189287241e-01,1.722862707434167140e+00
2.518310744360555464e+00,-1.363865467973086387e+00,9.879700716024297780e-01,3.003360827790590992e-01,1.684106254697593563e+00
2.619043174134977559e+00,-1.438349618447956280e+00,8.355729530580764397e-01,3.121124602107295809e-01,1.663439744857497349e+00
2.719775603909400097e+00,-1.516505146248485314e+00,6.773419528877094864e-01,3.224102427982914465e-01,1.660897341722201714e+00
2.820508033683822191e+00,-1.568061352455951685e+00,5.150619827749127744e-01,3.375800654583567817e-01,1.650486368064278508e+00
2.921240463458244285e+00,-1.576836526970680108e+00,3.497247972097193291e-01,3.559996690691097365e-01,1.615153511766709959e+00
3.021972893232666380e+00,-1.570640169714013767e+00,1.904851165285412762e-01,3.644649126841642550e-01,1.582148893858652539e+00
3.122705323007088918e+00,-1.571202036982827011e+00,2.977466929065963885e-02,3.696128629770175644e-01,1.571484130352690745e+00
3.223437752781511012e+00,-1.562275390447225520e+00,-1.273415935807541699e-01,3.857245168764721899e-01,1.567456626848959145e+00
3.324170182555933106e+00,-1.514404431874457835e+00,-2.834701847580153866e-01,4.001078144542138393e-01,1.540706373365068771e+00
3.424902612330355645e+00,-1.441952024521685916e+00,-4.237353080661560023e-01,4.050224094615233472e-01,1.502922902987411824e+00
3.525635042104777739e+00,-1.371827648188252757e+00,-5.613733507713776216e-01,4.229585355371871525e-01,1.482245301996264475e+00
3.626367471879199833e+00,-1.299872522317151446e+00,-6.887181920884949404e-01,4.406600829457014701e-01,1.471054493344416514e+00
3.727099901653621927e+00,-1.214134693576951918e+00,-7.997661105671314274e-01,4.448627634491582050e-01,1.453873751657576374e+00
3.827832331428044466e+00,-1.099600321638702471e+00,-9.002440770396600289e-01,4.606978805699523671e-01,1.421112333910633296e+00
3.928564761202466560e+00,-9.774343868593465823e-01,-9.813280345901985724e-01,4.676021407442273459e-01,1.385056927381603575e+00
4.029297190976889098e+00,-8.675730875669658282e-01,-1.070799945785855245e+00,4.804322379647061880e-01,1.378149333768103890e+00
4.130029620751311192e+00,-7.445569654845775043e-01,-1.137081586622710194e+00,4.950128919933015070e-01,1.359161362564438980e+00
4.230762050525733287e+00,-6.190013841692820762e-01,-1.187641612801333402e+00,5.066077474816687021e-01,1.339274174342520274e+00
4.331494480300155381e+00,-4.938252664284449311e-01,-1.209161879365557413e+00,5.181095960394513922e-01,1.306114789853469071e+00
4.432226910074577475e+00,-3.517012837375706469e-01,-1.233563699681032855e+00,5.292392063451671902e-01,1.282721011815668666e+00
4.532959339848999569e+00,-2.250729874660890584e-01,-1.253320426801350918e+00,5.474838517485975942e-01,1.273369522929000741e+00
4.633691769623421663e+00,-8.540190671382544285e-02,-1.240385978885907070e+00,5.546627091779602337e-01,1.243322509362356554e+00
4.734424199397844646e+00,2.129579387176519512e-02,-1.230669036751724565e+00,5.652801515537415611e-01,1.230853276737746027e+00
4.835156629172266740e+00,1.362685781103289973e-01,-1.188184311169959928e+00,5.759735447828473465e-01,1.195972860348696765e+00
4.935889058946688834e+00,2.575309853583115927e-01,-1.151161462038105654e+00,5.946411879376344300e-01,1.179616429226607366e+00
5.036621488721110929e+00,3.760100579379462848e-01,-1.115738354537114452e+00,6.015963574774386702e-01,1.177393578823872078e+00
5.137353918495533023e+00,4.774369088116918181e-01,-1.042561129230140438e+00,6.266566895128560244e-01,1.146682044019740054e+00
5.238086348269955117e+00,5.633517349823378151e-01,-9.595188391918809678e-01,6.264976345676278591e-01,1.112673168577253291e+00
5.338818778044377211e+00,6.366447596754594151e-01,-8.969820733808447910e-01,6.345617128281455521e-01,1.099951539836561576e+00
5.439551207818800194e+00,7.305957081522640451e-01,-8.251976165507514116e-01,6.522358558241712068e-01,1.102143908539873429e+00
5.540283637593222288e+00,7.884840345664297923e-01,-7.267250132548177532e-01,6.648053799068276426e-01,1.072304209474330916e+00
5.641016067367644382e+00,8.412373319445023423e-01,-6.236006208443639620e-01,6.762333219205808321e-01,1.047166645274084873e+00
5.741748497142066476e+00,8.838304522819475650e-01,-5.245342386161131465e-01,6.880559595554146535e-01,1.027760884574567601e+00
5.842480926916488571e+00,9.176155065618319950e-01,-4.334615225003298766e-01,7.103515799631684446e-01,1.014843391549174578e+00
5.943213356690910665e+00,9.536975172245818477e-01,-3.437121348900752937e-01,7.140018923416481256e-01,1.013744043647618609e+00
6.043945786465332759e+00,9.656072184297517236e-01,-2.396587975146741156e-01,7.202891161027288325e-01,9.949038343025027320e-01
6.144678216239755741e+00,9.595311297960854580e-01,-1.310928196511450816e-01,7.397128278602813634e-01,9.684447926504844428e-01
6.245410646014177836e+00,9.546032614784598636e-01,-3.471218449588941296e-02,7.410081328449734661e-01,9.552341715923847731e-01
6.346143075788599930e+00,9.658159858588902802e-01,7.862236743889733370e-02,7.633685132055179068e-01,9.690108333771491056e-01
6.446875505563022024e+00,9.316309066120227467e-01,1.629057807916837186e-01,7.715339466974132643e-01,9.457665883134630525e-01
6.547607935337444118e+00,8.774128137663737004e-01,2.327587508077255118e-01,7.871712379084806477e-01,9.077609166729960766e-01
6.648340365111866213e+00,8.386387823706489275e-01,3.094928527606259361e-01,8.000288433985973668e-01,8.939244001625836766e-01
6.749072794886288307e+00,8.240683652969794659e-01,4.142847270814709049e-01,8.095281138678571686e-01,9.223451120790985280e-01
6.849805224660711289e+00,7.401122231846581911e-01,5.053450712979350445e-01,8.031512499523426607e-01,8.961806425004126275e-01
6.950537654435133383e+00,6.759473054749958187e-01,5.445463446315298439e-01,8.269870816320645801e-01,8.680066135868252930e-01
7.051270084209555478e+00,6.331555359787431891e-01,5.665022867429374553e-01,8.527587927633949461e-01,8.495944759857533279e-01
7.152002513983977572e+00,5.632699686822710827e-01,6.400905301458366115e-01,8.839842298665419040e-01,8.526364667322791080e-01
7.252734943758399666e+00,5.171154732772442753e-01,7.508553931169411610e-01,8.753199901146897499e-01,9.116974465663182370e-01
7.353467373532821760e+00,3.986996052542901015e-01,7.759720828109292201e-01,8.838486458390243383e-01,8.724070429173862440e-01
7.454199803307243855e+00,3.103344166526615933e-01,7.617070954154638862e-01,8.850786317993608598e-01,8.224993309209499559e-01
7.554932233081666837e+00,2.444553590366487228e-01,8.337378981268412925e-01,9.270411808644170026e-01,8.688367541343425815e-01
7.655664662856088931e+00,1.731056063604947681e-01,8.375677276577744301e-01,8.909465122008346505e-01,8.552691093259725541e-01
7.756397092630511025e+00,9.510627142344643681e-02,8.808470084323996030e-01,9.597204025679627604e-01,8.859665090331452220e-01
7.857129522404933120e+00,-1.608480141362192417e-02,8.372338944685541184e-01,9.183482582109551151e-01,8.373883895084154316e-01
7.957861952179355214e+00,-1.078288861733079362e-01,7.940692306512114884e-01,9.533323295086151283e-01,8.013569814760355126e-01
8.058594381953778196e+00,-2.030995435600777554e-01,8.205347684948187670e-01,9.335902931076129896e-01,8.452968300562576642e-01
8.159326811728199402e+00,-2.854250660433721998e-01,8.785833603659294333e-01,9.459996196166005067e-01,9.237836269591228611e-01
8.260059241502622385e+00,-3.444523418966231598e-01,8.415489748238235146e-01,1.028395187580781078e+00,9.093140782288023916e-01
8.360791671277043591e+00,-4.145371463290569158e-01,7.348679782218563439e-01,1.006963473896005823e+00,8.437250684331458750e-01
8.461524101051466573e+00,-4.612936615410826446e-01,6.728621240024883488e-01,1.019455505035435916e+00,8.158034567805647619e-01
8.562256530825887779e+00,-5.787549526389687005e-01,6.658982602312881749e-01,1.032889441772070871e+00,8.822572120324045919e-01
8.662988960600310762e+00,-6.617760148608207160e-01,5.976827277583171005e-01,1.041926891461670390e+00,8.917242493650667789e-01
8.763721390374733744e+00,-6.936090915102821608e-01,5.518820300535682843e-01,1.041180230577233079e+00,8.863787829826290654e-01
8.864453820149154950e+00,-7.235756893228897368e-01,4.887720901346596092e-01,1.056836623195768654e+00,8.731895179591305789e-01
8.965186249923577932e+00,-8.005411872420850061e-01,4.043767086222679885e-01,1.068610356237049253e+00,8.968760867294576222e-01
9.065918679697999139e+00,-8.831108814711181587e-01,3.215081503693631437e-01,1.086250057304182892e+00,9.398150454885388916e-01
9.166651109472422121e+00,-8.857798488820156635e-01,2.402015586970013272e-01,1.108584093910492951e+00,9.177705211467164226e-01
9.267383539246843327e+00,-9.172092900208571598e-01,1.344534876200849660e-01,1.127340676871498859e+00,9.270116622965264286e-01
9.368115969021266309e+00,-9.341182251809055925e-01,6.392889093712351978e-02,1.115881580614415780e+00,9.363032423908269619e-01
9.468848398795689292e+00,-9.619056678564023022e-01,-3.315941864531791322e-02,1.128932432027468735e+00,9.624770443491973415e-01
9.569580828570110498e+00,-9.745989424635812526e-01,-1.409453859039857537e-01,1.144701902337618371e+00,9.847378841391014603e-01
9.670313258344533480e+00,-9.554941559062408718e-01,-2.460867301056975098e-01,1.156218962215797230e+00,9.866751039248401467e-01
9.771045688118954686e+00,-9.319285143413944539e-01,-3.364235285564480260e-01,1.162158127027668852e+00,9.907933923926470765e-01
9.871778117893377669e+00,-9.200650135371224447e-01,-4.383054099802800585e-01,1.188883892934660791e+00,1.019132602536611421e+00
9.972510547667798875e+00,-8.969747757417808609e-01,-5.453370253641952603e-01,1.201919262610799510e+00,1.049741024991443838e+00
1.007324297744222186e+01,-8.367980439832547468e-01,-6.396874547739793693e-01,1.213973518872655255e+00,1.053295308168328059e+00
1.017397540721664484e+01,-7.758221475129694067e-01,-7.242237330132693662e-01,1.214891125937356264e+00,1.061319942350708256e+00
1.027470783699106605e+01,-7.092461777423741953e-01,-8.110963334477805375e-01,1.231379002435280423e+00,1.077454130241561892e+00
1.037544026676548903e+01,-6.361601204063834780e-01,-9.020104801518959992e-01,1.243754915903164893e+00,1.103776519545201396e+00
1.047617269653991023e+01,-5.580896159989565675e-01,-9.789147093037239289e-01,1.260603739004796386e+00,1.126826529496469220e+00
1.057690512631433322e+01,-4.703370850391247471e-01,-1.036939436586746366e+00,1.269679422745095598e+00,1.138622136053897282e+00
1.067763755608875442e+01,-3.585159381059722095e-01,-1.098321945938303790e+00,1.288289950646894555e+00,1.155354826365349918e+00
1.077836998586317740e+01,-2.508983433175853150e-01,-1.150959673531680716e+00,1.297906560065954951e+00,1.177989027442811976e+00
1.087910241563760039e+01,-1.268106513571171379e-01,-1.200887022234245372e+00,1.297207764822719822e+00,1.207563903678910533e+00
1.097983484541202159e+01,-1.831854451581932733e-02,-1.228059368444760713e+00,1.311547127282925329e+00,1.228195986599094347e+00
1.108056727518644458e+01,1.050396143155368500e-01,-1.225726160656615660e+00,1.323986647056138999e+00,1.230218655968752683e+00
1.118129970496086578e+01,2.218766492479147256e-01,-1.236090596235897010e+00,1.337291972639699233e+00,1.255846013484255730e+00
1.128203213473528876e+01,3.618247039428768574e-01,-1.235991458066614257e+00,1.361846727168618987e+00,1.287863347097426114e+00
1.138276456450970997e+01,5.029417341100230754e-01,-1.219909986435259830e+00,1.370916053269722656e+00,1.319519140791096223e+00
1.148349699428413295e+01,6.228484293257771087e-01,-1.159542762706113450e+00,1.385746861780765116e+00,1.316236902862745861e+00
1.158422942405855594e+01,7.311075152505707164e-01,-1.112244643268661681e+00,1.390260667337748890e+00,1.331017034201927851e+00
1.168496185383297714e+01,8.566968341045234636e-01,-1.051668730894381953e+00,1.399681229021316309e+00,1.356442621383489699e+00
1.178569428360740012e+01,9.892625824692622416e-01,-9.854894926820951806e-01,1.414832657345816092e+00,1.396363132304977217e+00
1.188642671338182133e+01,1.096535599039338393e+00,-8.789431957646772764e-01,1.427960649889051137e+00,1.405322547083616813e+00
1.198715914315624431e+01,1.185579309264638503e+00,-7.698330279318317260e-01,1.441378326042858093e+00,1.413591592169078259e+00
1.208789157293066552e+01,1.274708206520415610e+00,-6.558198628394709129e-01,1.458220994803390180e+00,1.433520388507005805e+00
1.218862400270508850e+01,1.356049686490844453e+00,-5.442459460212826228e-01,1.469581782154483429e+00,1.461189379236147667e+00
1.228935643247951148e+01,1.419022505439074822e+00,-4.148423931877863180e-01,1.473116141793281875e+00,1.478417763058993639e+00
1.239008886225393269e+01,1.463647681343208218e+00,-2.626331955826168851e-01,1.488127001282069983e+00,1.487024119011956858e+00
1.249082129202835567e+01,1.496226471835805594e+00,-1.048955162090350196e-01,1.498600023440860962e+00,1.499898904707574809e+00
1.259155372180277688e+01,1.532083589098263587e+00,4.427088715370003369e-02,1.503871207395915066e+00,1.532723078521881277e+00
1.269228615157719986e+01,1.537348300657933153e+00,1.932654329217264599e-01,1.527129018957565476e+00,1.549448716511216739e+00
1.279301858135162107e+01,1.512549955905838406e+00,3.354670957946234711e-01,1.533723659858745370e+00,1.549304857499528065e+00
1.289375101112604405e+01,1.460616303788581316e+00,4.883991900946822451e-01,1.549784397400668423e+00,1.540108358453442960e+00
1.299448344090046703e+01,1.425071405659834367e+00,6.504395458320000323e-01,1.551075300984431804e+00,1.566492934555223204e+00
1.309521587067488824e+01,1.355623771304554248e+00,8.050423548441900667e-01,1.565543258658704140e+00,1.576644856148353036e+00
1.319594830044931122e+01,1.282241275904684397e+00,9.424763392509623028e-01,1.581752443368434902e+00,1.591352990282661306e+00
1.329668073022373243e+01,1.181449259349603986e+00,1.054476815783941035e+00,1.598864244055031802e+00,1.583585712060944006e+00
1.339741315999815541e+01,1.069653433679107701e+00,1.164445416801651145e+00,1.612199301681012553e+00,1.581167795299371903e+00
1.349814558977257661e+01,9.602810264444654464e-01,1.278437568414917180e+00,1.625309330820655651e+00,1.598919093038757344e+00
1.359887801954699960e+01,8.187395245076900530e-01,1.377325577992442929e+00,1.635710744428371610e+00,1.602298398171606353e+00
1.369961044932142258e+01,6.596201906312744168e-01,1.438343267099057021e+00,1.635227418745599959e+00,1.582381164542104868e+00
1.380034287909584378e+01,5.087284734970165534e-01,1.488071665222203910e+00,1.655063134085897447e+00,1.572628990125702675e+00
1.390107530887026677e+01,3.721455972728729966e-01,1.536903748568730688e+00,1.670381438021167231e+00,1.581317639797330532e+00
1.400180773864468797e+01,2.259837464351246716e-01,1.568332742210276409e+00,1.687012491251790092e+00,1.584530291266676993e+00
1.410254016841911096e+01,5.729482177373221297e-02,1.564823818911522224e+00,1.693734545603674091e+00,1.565872370544586945e+00
1.420327259819353216e+01,-1.125825893954460061e-01,1.537138206701021304e+00,1.706273349076270041e+00,1.541255561526061468e+00
1.430400502796795514e+01,-2.576572398807573383e-01,1.515282510026916274e+00,1.711228670100477078e+00,1.537032315358542345e+00
1.440473745774237813e+01,-4.035106419679388989e-01,1.468244516610994976e+00,1.727495827628689362e+00,1.522682763657496885e+00
1.450546988751679933e+01,-5.396360602217364910e-01,1.405003967817000321e+00,1.740429375533893097e+00,1.505072498942543469e+00
1.460620231729122231e+01,-6.653268259345768154e-01,1.319974632795495983e+00,1.746578987471545608e+00,1.478172120063080852e+00
1.470693474706564352e+01,-7.840697017299033122e-01,1.221713708792567799e+00,1.765689859887531910e+00,1.451671341393261372e+00
1.480766717684006650e+01,-8.941515482761405176e-01,1.120563059519414040e+00,1.786079657309183721e+00,1.433585910102400884e+00
1.490839960661448771e+01,-9.926455613686034907e-01,1.005738924047278493e+00,1.796441933361364374e+00,1.413101551145057311e+00
1.500913203638891069e+01,-1.057889445103399551e+00,8.937990062653091705e-01,1.802654535760479959e+00,1.384921204134745176e+00
1.510986446616333367e+01,-1.102499690659293430e+00,7.603274626282576776e-01,1.817853742466215117e+00,1.339254799629466364e+00
1.521059689593775488e+01,-1.138827096173655962e+00,6.285225230328281842e-01,1.822023351553761161e+00,1.300756594040127778e+00
1.531132932571217786e+01,-1.183510093214959147e+00,4.915130828809816665e-01,1.837031181835601545e+00,1.281515216993090567e+00
1.541206175548659907e+01,-1.200743694228368019e+00,3.600011988818000441e-01,1.847955653672236798e+00,1.253549473465455977e+00
1.551279418526102205e+01,-1.188214837172097305e+00,2.214570794166244860e-01,1.860996975995368174e+00,1.208676026609138532e+00
1.561352661503544326e+01,-1.156842420815034078e+00,1.117943683856464643e-01,1.884377054945096663e+00,1.162231632420979155e+00
1.571425904480986624e+01,-1.128079458836375837e+00,-3.995088655268036817e-03,1.886875392479149260e+00,1.128086533109022627e+00
1.581499147458428922e+01,-1.097927104824256928e+00,-1.162231182758880765e-01,1.895256066019958885e+00,1.104061475068098597e+00
1.591572390435871043e+01,-1.028852014853941954e+00,-2.234515243860309697e-01,1.910319806739228854e+00,1.052837619112965140e+00
1.601645633413313163e+01,-9.586458067642830150e-01,-3.111226846493577169e-01,1.930937078468422108e+00,1.007868596459958521e+00
1.611718876390755639e+01,-8.862200798419763714e-01,-3.806146156721217921e-01,1.936490203681498601e+00,9.644965088471579850e-01
1.621792119368197760e+01,-8.249404733676880541e-01,-4.542148236939314021e-01,1.951250588453441459e+00,9.417207073561749686e-01
1.631865362345639880e+01,-7.649026085921253326e-01,-5.056098840151080909e-01,1.954531384687484108e+00,9.169064049535312622e-01
1.641938605323082001e+01,-6.254926169671177760e-01,-5.298592218871529536e-01,1.974962572067451516e+00,8.197510652016456456e-01
1.652011848300524477e+01,-5.268878858660805964e-01,-5.742680383468854455e-01,1.962574806331261135e+00,7.793552618281395228e-01
1.662085091277966598e+01,-4.379878142498947469e-01,-6.914341795803204960e-01,1.968028638384458295e+00,8.184830787031037724e-01
1.672158334255408718e+01,-4.927635421356170164e-01,-7.253840819162492570e-01,2.043459977782251080e+00,8.769252959947727577e-01
1.682231577232851194e+01,-3.226241439481742912e-01,-6.542965517414784937e-01,1.977169293289334995e+00,7.295137530431359263e-01
1.692304820210293315e+01,-3.740649161361000452e-01,-5.828452365154902504e-01,2.164585956197276673e+00,6.925555076762478501e-01
1.702378063187735435e+01,-1.157330418737071709e-01,-6.293984844238554865e-01,2.087682355137093104e+00,6.399504583765742716e-01
1.712451306165177556e+01,-1.293405898768574536e-01,-7.192362140657586611e-01,2.053631841967314298e+00,7.307733710346453471e-01
1.722524549142620032e+01,-1.227647521439854082e-03,-6.217465697618864695e-01,2.051574509794328094e+00,6.217477817645264970e-01
1.732597792120062152e+01,2.936768195222170391e-02,-5.538054850820599562e-01,2.097775605490878270e+00,5.545836060056432704e-01
1.742671035097504273e+01,9.940615669640560925e-02,-5.260888270490535756e-01,2.016381429828120631e+00,5.353980182397011234e-01
1.752744278074946749e+01,2.103312416204827229e-01,-5.851390385294171770e-01,2.242461661354969493e+00,6.217933142232591193e-01
1.762817521052388869e+01,2.461395414194970099e-01,-4.764305433004890622e-01,2.180448032689472626e+00,5.362562227515867974e-01
1.772890764029830990e+01,3.291340650680649738e-01,-2.798107463797286920e-01,2.131725398724198861e+00,4.319991742790836309e-01
1.782964007007273111e+01,1.201736477709531847e-01,-3.267250597382931332e-01,2.165127562947666728e+00,3.481249348719053227e-01
1.793037249984715586e+01,6.151289471252735508e-02,-3.453499607637010582e-01,2.046990562643747680e+00,3.507854495491572466e-01
1.803110492962157707e+01,4.599647449538356581e-01,-7.448727538069561671e-01,2.035906710100650940e+00,8.754444505303607960e-01
1.813183735939599828e+01,2.704678237699738030e-01,-4.576568060947475702e-01,2.188039546008729630e+00,5.316037959417811987e-01
1.823256978917042304e+01,3.401837790374359627e-01,-1.588777269277540372e-01,2.214908630568386272e+00,3.754559037142990996e-01
1.833330221894484424e+01,3.728012466802756997e-01,-1.914984841395392934e-01,2.328431209948048863e+00,4.191091014928083891e-01
1.843403464871926545e+01,5.630540742758717299e-01,-2.026649323040002060e-01,2.298106789872830014e+00,5.984170496772663883e-01
1.853476707849368665e+01,6.003906780842671598e-01,-1.087190123137553310e-01,2.197962744344370556e+00,6.101547262530747640e-01
1.863549950826811141e+01,4.249074877368389513e-01,-2.387251123835701927e-01,2.090533233759506171e+00,4.873767048365977850e-01
1.873623193804253262e+01,2.620820997574376254e-01,-8.530641934892010947e-02,2.193865351914023876e+00,2.756160593931371583e-01
1.883696436781695382e+01,5.237782465302738277e-01,9.282681654285640516e-02,2.191821986697019664e+00,5.319402874456957697e-01
1.893769679759137858e+01,7.181921761798615300e-01,1.670336409928944443e-01,2.297436860514011414e+00,7.373603183988872711e-01
1.903842922736579979e+01,5.528951221512451442e-01,1.124512731341649474e-01,2.348148225329071082e+00,5.642147684420666387e-01
1.913916165714022100e+01,3.669892881736536161e-01,4.832681369513289887e-02,2.339379029390696196e+00,3.701575590962976059e-01
1.923989408691464220e+01,4.066069204059063469e-01,1.699964867659339851e-01,2.195562413528130641e+00,4.407130509013040265e-01
1.934062651668906696e+01,6.330609171072759667e-01,4.256644377892315756e-01,2.264339132009644651e+00,7.628606284028085494e-01
1.944135894646348817e+01,5.605788744050160810e-01,3.022943449441032882e-01,2.231914885955908812e+00,6.368913136590726998e-01
1.954209137623790937e+01,4.319991570011826321e-01,3.324816777245652721e-01,2.382783199158128085e+00,5.451305693797350305e-01
1.964282380601233413e+01,5.224718242111049404e-01,2.963196156416714744e-01,2.340336523842560634e+00,6.006514144730765725e-01
1.974355623578675534e+01,4.590862151279631598e-01,5.503608077618910022e-01,2.342315580911062511e+00,7.166988011995273355e-01
1.984428866556117654e+01,4.193261720391581737e-01,7.058438634483951146e-01,2.320112201864363843e+00,8.210054799602559683e-01
1.994502109533559775e+01,2.302885602867758008e-01,6.334968646632905820e-01,2.358767063808000497e+00,6.740557087787146795e-01
2.004575352511002251e+01,2.288201360515005889e-01,6.184753914196233771e-01,2.307421600600397582e+00,6.594470899581584833e-01
2.014648595488444371e+01,2.063623108079761792e-01,6.221752881521971368e-01,2.445249442950158780e+00,6.555055243926456443e-01
2.024721838465886492e+01,1.496557620245444475e-01,7.247473081691575558e-01,2.449103401906765232e+00,7.400375043236572248e-01
2.034795081443328968e+01,1.112305352582745738e-01,7.978741518699047353e-01,2.404077625269060103e+00,8.055900906763699965e-01
2.044868324420771089e+01,-1.550749264273959538e-02,6.954306221393334875e-01,2.482458401800447856e+00,6.956035023899499459e-01
2.054941567398213209e+01,-1.694279907872197621e-01,7.126703521823924969e-01,2.450249175202130036e+00,7.325331903347244156e-01
2.065014810375655330e+01,-2.320315734189682400e-01,7.695040656806017010e-01,2.475365340254905622e+00,8.037257978703046257e-01
2.075088053353097806e+01,-2.699361973693331640e-01,8.261659447341944684e-01,2.459548292856251539e+00,8.691465462675208586e-01
2.085161296330539926e+01,-3.040864192297021429e-01,7.457547419683306922e-01,2.472809889229880653e+00,8.053686643570097115e-01
2.095234539307982047e+01,-3.599711915993457079e-01,6.434733478093843662e-01,2.505439703748502556e+00,7.373175761654334748e-01
2.105307782285424523e+01,-4.426650820001535869e-01,5.916787069511602049e-01,2.482999797058979219e+00,7.389425330034803396e-01
2.115381025262866643e+01,-5.440753169149411539e-01,6.617580369310926969e-01,2.544768727955220911e+00,8.567039453154088324e-01
2.125454268240308764e+01,-6.718009228667891630e-01,5.534122802164271882e-01,2.549573408083043891e+00,8.703916542907652598e-01
2.135527511217750884e+01,-6.310350387401739702e-01,4.642217929939544963e-01,2.566993625227357079e+00,7.833945961061608010e-01
2.145600754195193360e+01,-6.475743954163508675e-01,3.874709430658344056e-01,2.574387306972632405e+00,7.546431801316297872e-01
2.155673997172635481e+01,-7.056865503605751488e-01,3.533280982441925899e-01,2.568970284647082103e+00,7.891984873076395290e-01
2.165747240150077602e+01,-8.219669313780400000e-01,2.725717768085803017e-01,2.564473972194643459e+00,8.659821070851394520e-01
2.175820483127520077e+01,-8.057051401824734116e-01,1.610435630426854392e-01,2.662801229840854322e+00,8.216421374990102722e-01
2.185893726104962198e+01,-7.825417522929608571e-01,1.415387766514172863e-01,2.613984974557756136e+00,7.952388442334274998e-01
2.195966969082404319e+01,-7.929379993510616842e-01,5.682566628208048781e-02,2.621213082164405073e+00,7.949715889031926386e-01
2.206040212059846439e+01,-8.488396816323724448e-01,-1.462403336441971471e-02,2.631671256786546120e+00,8.489656456333147805e-01
2.216113455037288915e+01,-8.697537737002809521e-01,-1.514696148866544745e-01,2.625279311837469987e+00,8.828446472057193128e-01
2.226186698014731036e+01,-7.691831184747816019e-01,-2.403993242667112062e-01,2.625612786312074398e+00,8.058749933175003433e-01
2.236259940992173156e+01,-7.613916338949970886e-01,-2.898260401060958058e-01,2.675484518441723747e+00,8.146878872849856457e-01
2.246333183969615632e+01,-8.009333824651768685e-01,-3.504510292755838030e-01,2.715123871274941258e+00,8.742483669229388354e-01
2.256406426947057753e+01,-7.495918006934240152e-01,-4.698250183629014698e-01,2.739504888255893889e+00,8.846600564886551998e-01
2.266479669924499873e+01,-6.386456806282020393e-01,-4.496252254508685819e-01,2.732199374304034922e+00,7.810449082778810892e-01
2.276552912901941994e+01,-5.366762484123557275e-01,-5.601920507830829843e-01,2.739670585673915859e+00,7.757812380887518788e-01
2.286626155879384470e+01,-4.818117302533535540e-01,-6.077711454079616216e-01,2.717124775962971750e+00,7.755825607891373430e-01
2.296699398856826591e+01,-4.807581635707602330e-01,-7.193799330294641248e-01,2.763844945392073704e+00,8.652374817848601518e-01
2.306772641834268711e+01,-3.840432675661079598e-01,-7.398484423443072444e-01,2.763005369179214021e+00,8.335855978855146731e-01
2.316845884811711187e+01,-3.195818733531868294e-01,-7.259375045411875504e-01,2.814952091388843503e+00,7.931694864752545371e-01
2.326919127789153308e+01,-2.773953554925115417e-01,-7.709943576511026908e-01,2.789019905356084461e+00,8.193781073342473187e-01
2.336992370766595428e+01,-1.864315644302676489e-01,-8.464814245539514781e-01,2.787415026677166896e+00,8.667684410099413261e-01
2.347065613744037549e+01,-6.034343179535758828e-02,-8.337872812222125729e-01,2.801114953309245426e+00,8.359680377196068157e-01
2.357138856721480025e+01,-1.609763728966659424e-02,-8.214976733375934925e-01,2.835337543267979044e+00,8.216553786262152936e-01
2.367212099698922145e+01,4.381510544033877935e-02,-8.082657871544939310e-01,2.843922803227755480e+00,8.094524977719332881e-01
2.377285342676364266e+01,1.507144501279539250e-01,-7.985037038977161883e-01,2.857042831329688504e+00,8.126026154374246246e-01
2.387358585653806742e+01,2.863935420305620538e-01,-8.450205401599834021e-01,2.877647295548213968e+00,8.922336993238270120e-01
2.397431828631248862e+01,3.612839384234373119e-01,-7.994555501977581580e-01,2.859508201761344903e+00,8.772999834177305223e-01
2.407505071608690983e+01,4.275939504935730717e-01,-7.161986895620948701e-01,2.872221974557430002e+00,8.341325730536857108e-01
2.417578314586133104e+01,4.693421592510970131e-01,-6.664087325290560804e-01,2.853809007512788209e+00,8.150967189490245790e-01
2.427651557563575579e+01,5.357712018352883687e-01,-6.912127240603380685e-01,2.924759253552513982e+00,8.745432011164127051e-01
2.437724800541017700e+01,6.498291898316050919e-01,-6.084641529634235990e-01,2.902717158971279243e+00,8.902283984454195664e-01
2.447798043518459821e+01,6.824290772422040297e-01,-5.156220094286378952e-01,2.942161125126050880e+00,8.553218704516285520e-01
2.457871286495902297e+01,7.499294045681755838e-01,-4.422416469929294491e-01,2.962426967732775918e+00,8.706157511617838018e-01
2.467944529473344417e+01,8.093493948261062387e-01,-3.795236503774419012e-01,2.978233893335944238e+00,8.939153450418015900e-01
2.478017772450786538e+01,8.506424228102672513e-01,-3.541274278143385912e-01,2.984369157292710018e+00,9.214112906921214652e-01
2.488091015428228658e+01,9.054283970883399979e-01,-2.520311423264185446e-01,2.962881457874106506e+00,9.398512004335155545e-01
2.498164258405671134e+01,9.080775019779823154e-01,-1.318362092344217418e-01,3.005606528297320779e+00,9.175976981574630598e-01
2.508237501383113255e+01,9.382030136789378805e-01,-4.109553539540918010e-02,3.001524410991969205e+00,9.391026237348486516e-01
2.518310744360555375e+01,9.645185745332996996e-01,5.419157863518721252e-02,3.018790637377570363e+00,9.660397547796478745e-01
2.528383987337997851e+01,9.781201995320819575e-01,1.541751629776545451e-01,3.042516344020263386e+00,9.901964984849553897e-01
2.538457230315439972e+01,9.504287164539964028e-01,2.421716777996920367e-01,3.051777645694564889e+00,9.807965469906125833e-01
2.548530473292882093e+01,9.354140635197059073e-01,3.429950216397481544e-01,3.060652157780029192e+00,9.963157406666320881e-01
2.558603716270324213e+01,9.185200117317596780e-01,4.506470757969016638e-01,3.068461950152232998e+00,1.023113776114861206e+00
2.568676959247766689e+01,8.781507380540829466e-01,5.561113395813882532e-01,3.076336653527500520e+00,1.039427025219152423e+00
2.578750202225208810e+01,8.291333462984110669e-01,6.525717990708753691e-01,3.099894219371398307e+00,1.055136038094898865e+00
2.588823445202650930e+01,7.799118630076443681e-01,7.262681149545098247e-01,3.113965136926663213e+00,1.065705348048714640e+00
2.598896688180093406e+01,7.149509122762061075e-01,8.142173595265370656e-01,3.118258441281310578e+00,1.083561126803165298e+00
2.608969931157535527e+01,6.461041118717003595e-01,9.094129748214606623e-01,3.128456394955644093e+00,1.115563750823383993e+00
2.619043174134977647e+01,5.528379160535035197e-01,9.897267041964770140e-01,3.149664868241679017e+00,1.133661638420389250e+00
2.629116417112419768e+01,4.545111227931762365e-01,1.048051760359703710e+00,3.152566744766757356e+00,1.142362837777817219e+00
2.639189660089862244e+01,3.528489522298685066e-01,1.100425452248972036e+00,3.158922647144382090e+00,1.155611768305891962e+00
2.649262903067304364e+01,2.530989868628322759e-01,1.157548910580400436e+00,3.172827966869854244e+00,1.184896019715174775e+00
2.659336146044746485e+01,1.423404733801556799e-01,1.210176501024612383e+00,3.186246001974617048e+00,1.218518762265998312e+00
2.669409389022188961e+01,1.184112711135123890e-02,1.232915936713548266e+00,3.211513722861461861e+00,1.232972797466964865e+00
2.679482631999631081e+01,-1.147583214188307860e-01,1.233791031575238506e+00,3.214723182371944876e+00,1.239116532829079409e+00
2.689555874977073202e+01,-2.518304798741927697e-01,1.242962588758712794e+00,3.228357188627730689e+00,1.268217090110138390e+00
2.699629117954515323e+01,-3.695541441355282286e-01,1.249458598105191776e+00,3.235528837592286155e+00,1.302964717030639319e+00
2.709702360931957799e+01,-5.054200040661593896e-01,1.221143416624754563e+00,3.248827174172704169e+00,1.321605320992699228e+00
2.719775603909399919e+01,-6.270273597406851307e-01,1.170950379582069267e+00,3.263696855921996764e+00,1.328265071929080943e+00
2.729848846886842040e+01,-7.595985843551827932e-01,1.113704116532549637e+00,3.279460163493294278e+00,1.348082663836288830e+00
2.739922089864284516e+01,-8.933398294291344799e-01,1.058299610476007402e+00,3.292998352866088663e+00,1.384938307787803247e+00
2.749995332841726636e+01,-1.017002369200383116e+00,9.824162466720476328e-01,3.308280037390755712e+00,1.414013967641192027e+00
2.760068575819168757e+01,-1.116010697501097271e+00,8.824793530040070388e-01,3.303760617126070720e+00,1.422761288978322103e+00
2.770141818796610877e+01,-1.203268124241534398e+00,7.847434664517906056e-01,3.320087322651135153e+00,1.436550203422948035e+00
2.780215061774053353e+01,-1.298557076721750025e+00,6.586233460806469875e-01,3.334262478040513678e+00,1.456034063305733373e+00
2.790288304751495474e+01,-1.392156500465138169e+00,5.358088298385271786e-01,3.346026320546582777e+00,1.491707351969638884e+00
2.800361547728937595e+01,-1.467657019332905488e+00,3.957407138930620905e-01,3.361721331476189345e+00,1.520074945201630001e+00
2.810434790706380070e+01,-1.499318168727393985e+00,2.635837181715731115e-01,3.375174643104749794e+00,1.522311186177523146e+00
2.820508033683822191e+01,-1.534966681444325021e+00,1.122204220424840582e-01,3.393959216934669065e+00,1.539063395792258149e+00
2.830581276661264312e+01,-1.579993709717696371e+00,-4.262910564622730131e-02,3.397041289153076793e+00,1.580568683542630914e+00
2.840654519638706432e+01,-1.579650312047674365e+00,-2.075383072259273931e-01,3.402243035543829119e+00,1.593225425769535741e+00
2.850727762616148908e+01,-1.566999339271461400e+00,-3.801593901957844301e-01,3.415454417602233228e+00,1.612454058642052379e+00
2.860801005593591029e+01,-1.531737952928452717e+00,-5.384898879516297754e-01,3.433523251741333215e+00,1.623635585920561786e+00
2.870874248571033149e+01,-1.501145869091184526e+00,-6.946531417192373103e-01,3.449527997889879405e+00,1.654080381236031183e+00
2.880947491548475625e+01,-1.460657232892596857e+00,-8.511762199460305434e-01,3.457187349338895821e+00,1.690568102562884478e+00
2.891020734525917746e+01,-1.376287325664256933e+00,-1.005290698628994228e+00,3.471686648643591333e+00,1.704340397788553174e+00
2.901093977503359866e+01,-1.264570168378549297e+00,-1.143305553936224683e+00,3.474586514609531829e+00,1.704783065499646089e+00
2.911167220480801987e+01,-1.149903156676836513e+00,-1.286770403492636605e+00,3.489414785765917237e+00,1.725704302897792530e+00
2.921240463458244463e+01,-1.031817926123152596e+00,-1.420059560668501364e+00,3.505058934231451317e+00,1.755339678955358362e+00
2.931313706435686584e+01,-9.016082945528273163e-01,-1.534018183750249342e+00,3.509440172065132479e+00,1.779356429972047904e+00
2.941386949413128704e+01,-7.492632784499448917e-01,-1.612349379973747387e+00,3.532205197076390579e+00,1.777938689475901723e+00
2.951460192390571180e+01,-5.824447923988617104e-01,-1.686059962731673023e+00,3.549487288424617137e+00,1.783827383498550301e+00
2.961533435368013301e+01,-4.123879904315736478e-01,-1.766274461541230023e+00,3.551375277620596460e+00,1.813777640215292086e+00
2.971606678345455421e+01,-2.278053971136579647e-01,-1.812946908669611501e+00,3.562611060682718378e+00,1.827203270741603047e+00
2.981679921322897542e+01,-5.996148471338154373e-02,-1.845365997572893768e+00,3.570813084288313455e+00,1.846339904959873435e+00
2.991753164300340018e+01,1.257987283831990544e-01,-1.836047657520842202e+00,3.587077695031375413e+00,1.840352227360458670e+00
3.001826407277782138e+01,3.112691383568525483e-01,-1.821178328039148475e+00,3.599437254626618898e+00,1.847587340022897484e+00
3.011899650255224259e+01,5.028269049603185659e-01,-1.803590963564184024e+00,3.611255345503231684e+00,1.872371560402035895e+00
3.021972893232666735e+01,6.973162499158620520e-01,-1.753352725495749720e+00,3.629672553579892824e+00,1.886927590661627629e+00
3.032046136210108855e+01,8.734330740833982087e-01,-1.673847685549760822e+00,3.648380052165611342e+00,1.888028445051362691e+00
3.042119379187550976e+01,1.025134748771252102e+00,-1.585390149440246255e+00,3.649003606413390610e+00,1.887952112496623869e+00
3.052192622164993097e+01,1.181192499086773262e+00,-1.488905796193984221e+00,3.660292797762017436e+00,1.900541025560589903e+00
3.062265865142435572e+01,1.342289164923839317e+00,-1.371454513699681410e+00,3.675647160169488892e+00,1.919017374965419132e+00
3.072339108119877693e+01,1.477769034472921961e+00,-1.214254690127875902e+00,3.689125963064856073e+00,1.912646274600867224e+00
3.082412351097319814e+01,1.589619042805689553e+00,-1.064133140175190118e+00,3.700892967844752413e+00,1.912921336926740379e+00
3.092485594074762290e+01,1.682748750140904637e+00,-8.962022022166916679e-01,3.712526727367628343e+00,1.906520847868919732e+00
3.102558837052204410e+01,1.777188442398638157e+00,-7.270467213782518812e-01,3.723843596092388353e+00,1.920155122603943054e+00
3.112632080029646531e+01,1.843550140736963883e+00,-5.570803990180176468e-01,3.733421499744301819e+00,1.925880497949276515e+00
3.122705323007088651e+01,1.875320685337426463e+00,-3.601321368228709296e-01,3.747940886267394411e+00,1.909587083331640622e+00
3.132778565984531127e+01,1.902124975083580471e+00,-1.622945472442426929e-01,3.758841868483378423e+00,1.909036128757631845e+00
3.142851808961973248e+01,1.905009473257156305e+00,3.062826984095144006e-02,3.775635654941727815e+00,1.905255674210933448e+00
3.152925051939415368e+01,1.903850768752671119e+00,2.193769839933580046e-01,3.790463894079389551e+00,1.916448280227295520e+00
3.162998294916857844e+01,1.857567815078665863e+00,4.031278893746967906e-01,3.800504986441460176e+00,1.900807797439769020e+00
3.173071537894299965e+01,1.787388580820796102e+00,5.768232482682158491e-01,3.797177960717569078e+00,1.878159471022435634e+00
3.183144780871742086e+01,1.717382274474126280e+00,7.413789369621179848e-01,3.810627594107358185e+00,1.870573335864970321e+00
3.193218023849184206e+01,1.631444391969484542e+00,9.335121108966678571e-01,3.823220650231954565e+00,1.879642430165757272e+00
3.203291266826626327e+01,1.514140399352446043e+00,1.089103352196220786e+00,3.839344996892312789e+00,1.865145372542373892e+00
3.213364509804068803e+01,1.393834459506172241e+00,1.208652100902011250e+00,3.858371037150575944e+00,1.844888723343960590e+00
3.223437752781511278e+01,1.255121288633470167e+00,1.325228964180321212e+00,3.867649161743868635e+00,1.825256490656419928e+00
3.233510995758953044e+01,1.105442081204695448e+00,1.440783631427937195e+00,3.878408751481791317e+00,1.816001009770876307e+00
3.243584238736395520e+01,9.429511830072314638e-01,1.536618957024630472e+00,3.896970819921104390e+00,1.802874025721764140e+00
3.253657481713837996e+01,7.673988551903958566e-01,1.602248477960454665e+00,3.901508445566121974e+00,1.776541918468045544e+00
3.263730724691279761e+01,5.948481181360877335e-01,1.645775940092319090e+00,3.908478040533245323e+00,1.749977922328393554e+00
3.273803967668722237e+01,4.249000164038491123e-01,1.682823103607984594e+00,3.924439779612441281e+00,1.735636373776719754e+00
3.283877210646164002e+01,2.550379935344058158e-01,1.703598400806995095e+00,3.943453987500942670e+00,1.722582912192677895e+00
3.293950453623606478e+01,7.734734665840177492e-02,1.693742590721172947e+00,3.959327089474599326e+00,1.695507763372956500e+00
3.304023696601048954e+01,-9.098606646045302726e-02,1.656423805269751082e+00,3.962756329396448507e+00,1.658920819977333316e+00
3.314096939578490719e+01,-2.556942950800121794e-01,1.606635657134613648e+00,3.975711426305406970e+00,1.626855158676652646e+00
3.324170182555933195e+01,-4.055328971603078259e-01,1.565943143446142161e+00,3.993532109869642355e+00,1.617601576156878496e+00
3.334243425533375671e+01,-5.435788842532600640e-01,1.490870530713190867e+00,3.998510143603191569e+00,1.586875213353290182e+00
3.344316668510817436e+01,-6.732722544803722009e-01,1.393013342701089785e+00,4.011430002917744986e+00,1.547185089637418631e+00
3.354389911488259912e+01,-7.930795627442672746e-01,1.280039703392210848e+00,4.023541220609386571e+00,1.505814342840131603e+00
3.364463154465702388e+01,-9.130825294582481932e-01,1.172640164362547477e+00,4.041108509982916708e+00,1.486204784233348786e+00
3.374536397443144153e+01,-1.008323731070170926e+00,1.058923434869207814e+00,4.051365681147611753e+00,1.462202307327707729e+00
3.384609640420586629e+01,-1.074415463036296314e+00,9.305368910895731593e-01,4.057069654930828939e+00,1.421361140910411658e+00
3.394682883398029105e+01,-1.116837414664376915e+00,7.915128704532375936e-01,4.064166203298905877e+00,1.368874879193614724e+00
3.404756126375470870e+01,-1.170087262116876303e+00,6.542801279201486686e-01,4.081946150875049639e+00,1.340591916564982888e+00
3.414829369352913346e+01,-1.208253486043079139e+00,5.206127220337888328e-01,4.098212579785527332e+00,1.315642083880978586e+00
3.424902612330355112e+01,-1.222157783049404811e+00,3.840433703592819326e-01,4.112950825159677137e+00,1.281077264252688419e+00
3.434975855307797588e+01,-1.204748509542762580e+00,2.413638036975850054e-01,4.124335741275052314e+00,1.228688510966418290e+00
3.445049098285240063e+01,-1.188701753595098554e+00,1.296192424987807346e-01,4.137324599581208240e+00,1.195747886063789123e+00
3.455122341262681829e+01,-1.153556069447468246e+00,1.902285415519170894e-02,4.147184436416066156e+00,1.153712908109856272e+00
3.465195584240124305e+01,-1.127136157695311169e+00,-1.010636537462436674e-01,4.153118094047726139e+00,1.131657978407208498e+00
3.475268827217566781e+01,-1.064143712943697473e+00,-2.103070075385053417e-01,4.164160297061117788e+00,1.084726177068387809e+00
3.485342070195008546e+01,-9.842553766970612017e-01,-3.055954230627775381e-01,4.176749598727843349e+00,1.030605263500042446e+00
3.495415313172451022e+01,-9.154332489901770842e-01,-3.848473712869348584e-01,4.196566698096765080e+00,9.930385352760362494e-01
3.505488556149893498e+01,-8.607834385953703205e-01,-4.634208449089324833e-01,4.208366205629934242e+00,9.776026839448521688e-01
3.515561799127335263e+01,-7.811933884659409966e-01,-5.294624778590368841e-01,4.227659773962440859e+00,9.437126817223183695e-01
3.525635042104777739e+01,-6.927147476777493207e-01,-5.679979059299048449e-01,4.232068811948423104e+00,8.958098809407076812e-01
3.535708285082220215e+01,-5.198824639518033752e-01,-6.257734305501574390e-01,4.257864290476392810e+00,8.135540318301611729e-01
3.545781528059661980e+01,-4.866563053280571483e-01,-6.476079270840362501e-01,4.242462330542370985e+00,8.100804816421869337e-01
3.555854771037104456e+01,-4.354115018332624376e-01,-7.012158119196501005e-01,4.298076710213198481e+00,8.254009878930550492e-01
3.565928014014546221e+01,-3.904647413760184982e-01,-6.281576604949649090e-01,4.269072303185377670e+00,7.396247431612524847e-01
3.576001256991988697e+01,-2.712765185353124275e-01,-6.379008496911813264e-01,4.333746456740746211e+00,6.931871634308953700e-01
3.586074499969431173e+01,-9.607828846254826138e-02,-6.211767549902653673e-01,4.316861068878871777e+00,6.285631220920686602e-01
3.596147742946872938e+01,-1.166896383434234408e-01,-7.202826272607709690e-01,4.234062404618758713e+00,7.296735810144133749e-01
3.606220985924315414e+01,-5.281088123747711832e-02,-6.823610930425860754e-01,4.369925233985817670e+00,6.844016733434772348e-01
3.616294228901757890e+01,1.678548666624574970e-01,-5.759862144117865457e-01,4.389392636906783274e+00,5.999461437951676412e-01
3.626367471879199655e+01,-4.201774311771544479e-03,-4.653833157761164685e-01,4.365650998394109195e+00,4.654022835248443624e-01
3.636440714856642131e+01,8.843962678638896124e-02,-5.412289757059621786e-01,4.359494293846510438e+00,5.484071222457279626e-01
3.646513957834084607e+01,1.461460804436450767e-01,-7.276487764432335581e-01,4.488356266956989415e+00,7.421801793960650651e-01
3.656587200811526372e+01,2.876325000017782019e-01,-4.692239199606548783e-01,4.432314312415230440e+00,5.503667342059438417e-01
3.666660443788968848e+01,2.701073475159549986e-01,-2.174213173898022489e-01,4.324617772993636144e+00,3.467419911657975140e-01
3.676733686766411324e+01,2.762629841063287128e-01,-1.635997023044390986e-01,4.403273861407130951e+00,3.210702399498195914e-01
3.686806929743853090e+01,4.059866312809682354e-01,-3.684701745406623319e-01,4.484274296866411547e+00,5.482658244910902923e-01
3.696880172721295565e+01,4.705524176564628291e-01,-3.116986442376133981e-01,4.477841718410762617e+00,5.644250371678319889e-01
3.706953415698737331e+01,1.327940860377875842e-01,4.493121913698781833e-02,4.317814971209404717e+00,1.401894565926673220e-01
3.717026658676179807e+01,9.536257499529669779e-02,2.352302065319038515e-01,4.674682597509949744e+00,2.538252760754446946e-01
3.727099901653622283e+01,6.102532582579742737e-01,-2.179042479725005199e-01,4.364475887411860100e+00,6.479902009281736097e-01
3.737173144631064048e+01,4.782954266382689057e-01,-3.325296176293167649e-01,4.476775992205079824e+00,5.825310822126003041e-01
3.747246387608506524e+01,4.827857623286859190e-01,-2.841040588838897318e-01,4.457272701109732616e+00,5.601760514174013439e-01
3.757319630585949000e+01,-1.227312265916980782e-01,1.081403502444649167e-01,4.406580642213437038e+00,1.635765549572990585e-01
3.767392873563390765e+01,8.323235299551870470e-02,1.501766039117001794e-01,4.461946163200364524e+00,1.716992630957463184e-01
3.777466116540833241e+01,5.060923363411742315e-01,5.069247768450467762e-01,4.590805060444807850e+00,7.163115120411430725e-01
3.787539359518275717e+01,4.522798632401537899e-01,-3.807556434220579211e-01,4.501790426672153345e+00,5.912122585757821902e-01
3.797612602495717482e+01,9.109597558806764583e-02,-3.171159495564151998e-01,4.894773861243188584e+00,3.299409071809809579e-01
3.807685845473159958e+01,3.553362593748728843e-02,1.475209963300664895e-01,4.548642159359471471e+00,1.517401823199140687e-01
3.817759088450602434e+01,3.253793643260465274e-01,2.799292966766855906e-01,4.464464329126029085e+00,4.292227182560657273e-01
3.827832331428044199e+01,7.129493206084511758e-01,6.567481133070890431e-02,4.092596920292548290e+00,7.159678167343671573e-01
3.837905574405486675e+01,4.528819879256842929e-02,2.298901602471559169e-01,4.718183555418266728e+00,2.343085716066277968e-01
3.847978817382928440e+01,1.775489239422061993e-01,-1.978328306107796086e-01,4.899509756112593983e+00,2.658222136325494311e-01
3.858052060360370916e+01,5.017664987126910781e-01,7.271774670868277890e-02,4.938008776598308280e+00,5.070083726298622029e-01
3.868125303337813392e+01,4.101928056056521887e-01,3.585004290508119196e-01,4.840723844836924528e+00,5.447758212331496042e-01
3.878198546315255157e+01,8.769834681690119593e-02,4.867314674971865984e-01,4.885603189513646250e+00,4.945690260078791645e-01
3.888271789292697633e+01,-5.795349107713763104e-01,-1.053180029943696083e-01,4.341836238316853169e+00,5.890268198966063240e-01
3.898345032270140109e+01,-3.783643531337069210e-02,4.859920869275772409e-02,4.318232122567282616e+00,6.159122439751545108e-02
3.908418275247581875e+01,9.154561131621363756e-02,2.830747072690918964e-01,5.093116557101097897e+00,2.975094769024027586e-01
3.918491518225024350e+01,4.940334725124700954e-01,5.018975725807754973e-01,4.720859048988005569e+00,7.042515497499486354e-01
3.928564761202466826e+01,-2.156284231700336118e-01,-1.223068014483064125e-02,4.798751825068480414e+00,2.159750134057183968e-01
3.938638004179908592e+01,-3.278463441312895466e-01,7.333046911388670097e-02,4.536038077716226802e+00,3.359472920871883206e-01
3.948711247157351067e+01,-2.941949728194125369e-01,3.314059412658312831e-01,4.755271454047734103e+00,4.431484852038947153e-01
3.958784490134793543e+01,-7.764597587459484695e-02,4.057007777561362771e-01,4.780012709562098117e+00,4.130641822301372446e-01
3.968857733112235309e+01,-1.624727219710792037e-01,5.830362601146681367e-01,4.691416407534843458e+00,6.052509116004622935e-01
3.978930976089677785e+01,-2.198790843823994756e-01,2.058248872062269919e-01,4.816448415470675037e+00,3.011821640507592046e-01
3.989004219067119550e+01,-1.559092374268121195e-01,1.822647575527701069e-01,5.023017840744054219e+00,2.398502286027264507e-01
3.999077462044562026e+01,-3.504936348332800544e-01,3.037456253756609104e-01,4.951728315850838058e+00,4.637964995485585051e-01
4.009150705022004502e+01,-2.777666737797778174e-01,5.807275168507821661e-01,4.715821571629136955e+00,6.437381252422113009e-01
4.019223947999446267e+01,-3.803771502178546760e-01,4.555925682802496879e-01,4.694387509830819205e+00,5.935076787035281631e-01
4.029297190976888743e+01,-3.631637895588627485e-01,2.246528248124557425e-01,4.814321941846428921e+00,4.270325862776397918e-01
4.039370433954331219e+01,-4.680938571493072353e-01,1.884320783112262698e-01,4.748697981438515292e+00,5.045973714136887667e-01
4.049443676931772984e+01,-7.031238680317705159e-01,9.155796121725520709e-02,5.035170864638038424e+00,7.090599650651692176e-01
4.059516919909215460e+01,-5.724863954047996195e-01,1.336783471651001309e-01,4.875090464852388727e+00,5.878865310792326104e-01
4.069590162886657936e+01,-4.898355896418957744e-01,2.176603048175700800e-02,4.754017056556854470e+00,4.903189420803121257e-01
4.079663405864099701e+01,-6.243400395532661129e-01,-2.103555379959738680e-02,4.777959026624609251e+00,6.246943088527617816e-01
4.089736648841542177e+01,-7.594704229900703929e-01,8.395928987448286751e-02,4.887425524479362515e+00,7.640971703605137222e-01
4.099809891818984653e+01,-6.466761577943874739e-01,-1.020133033947798751e-01,4.925012599477245345e+00,6.546730230651228721e-01
4.109883134796426418e+01,-6.493885629082309929e-01,-1.899725787557784984e-01,4.941812969891704377e+00,6.766055618417113893e-01
4.119956377773868894e+01,-6.105706921219015149e-01,-2.335936511927785564e-01,4.968371756297349506e+00,6.537297331128448796e-01
4.130029620751310659e+01,-6.883519481104837245e-01,-3.542688116005339727e-01,4.935330675786753218e+00,7.741671624012173014e-01
4.140102863728753135e+01,-7.037573025734447096e-01,-3.901148766164544979e-01,4.964214222695770395e+00,8.046514511780380463e-01
4.150176106706195611e+01,-6.367237735872387505e-01,-4.585952910270648664e-01,5.002258430753954599e+00,7.846826140570285490e-01
4.160249349683637377e+01,-5.185595809565847203e-01,-5.182452384463033246e-01,4.961736053763846854e+00,7.331317522615798943e-01
4.170322592661079852e+01,-4.898809105848015433e-01,-6.531407541297427066e-01,5.010171611734438812e+00,8.164411499064481159e-01
4.180395835638522328e+01,-5.031833088570560886e-01,-7.442612637426939681e-01,4.982515825422274780e+00,8.983976129867038418e-01
4.190469078615964094e+01,-4.559390925846004139e-01,-8.148136812884517743e-01,5.040723535444239900e+00,9.337032672973291092e-01
4.200542321593406569e+01,-3.624675194913382081e-01,-8.490985166245670346e-01,5.048802474816968200e+00,9.232285706260632274e-01
4.210615564570849045e+01,-2.911216884960617923e-01,-9.097058938799883476e-01,5.060739882801644107e+00,9.551526845864940496e-01
4.220688807548290811e+01,-1.968998584644236771e-01,-9.679257223150127265e-01,5.063967334125726971e+00,9.877498459541004250e-01
4.230762050525733287e+01,-9.669701647897441243e-02,-1.026865796548057430e+00,5.077722050716706903e+00,1.031408588831900008e+00
4.240835293503175762e+01,-4.861697624413992627e-03,-1.053410981750090736e+00,5.084541961869899040e+00,1.053422200532854403e+00
4.250908536480617528e+01,9.513346155323101905e-02,-1.066440763936276515e+00,5.101137277425208616e+00,1.070675617772296695e+00
4.260981779458060004e+01,2.155308916098677696e-01,-1.083659987036060590e+00,5.119825216440614390e+00,1.104885755515537360e+00
4.271055022435501769e+01,3.392484753262010044e-01,-1.100272184861167402e+00,5.126373154956654687e+00,1.151385430162427781e+00
4.281128265412944245e+01,4.660636391125018707e-01,-1.088091860542322653e+00,5.147424702078445158e+00,1.183705712025265866e+00
4.291201508390386721e+01,5.810677759781963658e-01,-1.050317837874000348e+00,5.155041361204566464e+00,1.200336336547620508e+00
4.301274751367828486e+01,6.836503159487196113e-01,-1.021350225296887126e+00,5.162139762966176271e+00,1.229037850194527604e+00
4.311347994345270962e+01,8.147471167621739285e-01,-9.728836548735174672e-01,5.164314406588235151e+00,1.268982060626677733e+00
4.321421237322713438e+01,9.358445817532271560e-01,-9.015181390547277740e-01,5.186647069409802135e+00,1.299438354152120612e+00
4.331494480300155203e+01,1.042717859452094720e+00,-8.184599742907304742e-01,5.197309024489571883e+00,1.325570542798964579e+00
4.341567723277597679e+01,1.129069214164771351e+00,-7.144270590159454981e-01,5.216967094894011225e+00,1.336115007410973998e+00
4.351640966255040155e+01,1.227985199953950612e+00,-6.201090424763539000e-01,5.220811766424370504e+00,1.375675425333637625e+00
4.361714209232481920e+01,1.320856477097545278e+00,-5.110284557395046168e-01,5.226296631912740409e+00,1.416266894220874262e+00
4.371787452209924396e+01,1.394318910647714516e+00,-3.809051113492897822e-01,5.242379664004917394e+00,1.445411335378910200e+00
4.381860695187366872e+01,1.428609397538512571e+00,-2.432012737598963359e-01,5.259183472337694454e+00,1.449162403008644073e+00
4.391933938164808637e+01,1.471129012642655054e+00,-8.943406769423049851e-02,5.263453589576901237e+00,1.473844979739487249e+00
4.402007181142251113e+01,1.525700535251171663e+00,6.124707998437018547e-02,5.285358276046451920e+00,1.526929378875239163e+00
4.412080424119692879e+01,1.541051817867409301e+00,2.221852991585184511e-01,5.297476323225402517e+00,1.556986516484522243e+00
4.422153667097135354e+01,1.525641852855414982e+00,3.595250046694986601e-01,5.314686724119512817e+00,1.567431431408311093e+00
4.432226910074577830e+01,1.492009820701785783e+00,5.204287204886903773e-01,5.318910315929767485e+00,1.580170673750171506e+00
4.442300153052019596e+01,1.455240889164460150e+00,6.912596958782364354e-01,5.331692545046576193e+00,1.611076041855827645e+00
4.452373396029462072e+01,1.411848544163452512e+00,8.497379038076536828e-01,5.338404275104600138e+00,1.647838225319429029e+00
4.462446639006904547e+01,1.334920493859012680e+00,9.948933721173460754e-01,5.348706358134832861e+00,1.664880039764971897e+00
4.472519881984346313e+01,1.239441275021603062e+00,1.133222430453306062e+00,5.370240205178504311e+00,1.679406964112533096e+00
4.482593124961788789e+01,1.141592705689746357e+00,1.266043141819547246e+00,5.385607547924909255e+00,1.704728465953550653e+00
4.492666367939231264e+01,1.029099940225327803e+00,1.399420307782286432e+00,5.391203746751639159e+00,1.737073367709390137e+00
4.502739610916673030e+01,8.786676119373941773e-01,1.520048163069576574e+00,5.401256216362833484e+00,1.755734373508406554e+00
4.512812853894115506e+01,7.150265842491539958e-01,1.615357391095387340e+00,5.413580298915418254e+00,1.766534040755939783e+00
4.522886096871557982e+01,5.584957866025807016e-01,1.683166133951629950e+00,5.423126225029901271e+00,1.773405136491521317e+00
4.532959339848999747e+01,4.017394941716400103e-01,1.754226599953567334e+00,5.432677372151621498e+00,1.799640404403595850e+00
4.543032582826442223e+01,2.314864956964385601e-01,1.816524104211472368e+00,5.455300673562105018e+00,1.831214301732899230e+00
4.553105825803883988e+01,4.053405521738767670e-02,1.829213506164557135e+00,5.466007229294655545e+00,1.829662553797065216e+00
4.563179068781326464e+01,-1.505155639919216470e-01,1.826441042826632222e+00,5.482518069211844036e+00,1.832632483048754146e+00
4.573252311758768940e+01,-3.435219425549571604e-01,1.823075296184656580e+00,5.486207803314812281e+00,1.855157907180815746e+00
4.583325554736210705e+01,-5.176105290990169472e-01,1.798165650783278613e+00,5.502049987636621786e+00,1.871181543167582673e+00
4.593398797713653181e+01,-6.914966670877686905e-01,1.759395423876125353e+00,5.502182535159551691e+00,1.890407336567900609e+00
4.603472040691095657e+01,-8.655236817941288630e-01,1.676491672478479744e+00,5.516270056291204149e+00,1.886731451912580626e+00
4.613545283668537422e+01,-1.041132770447374067e+00,1.580709286943564384e+00,5.540496788230990788e+00,1.892775553394817178e+00
4.623618526645979898e+01,-1.210837651492775668e+00,1.479484258221885451e+00,5.558200089232595786e+00,1.911805818748050223e+00
4.633691769623422374e+01,-1.359773946695634006e+00,1.350381120769988286e+00,5.562028577418932862e+00,1.916380535656796447e+00
4.643765012600864139e+01,-1.489975160369929386e+00,1.215512382905834299e+00,5.572467451400798133e+00,1.922887498403589968e+00
4.653838255578306615e+01,-1.592799435645178674e+00,1.063395685475709174e+00,5.582556503780449653e+00,1.915155457418523222e+00
4.663911498555749091e+01,-1.710719244097194780e+00,9.010079138306805735e-01,5.598845081057564954e+00,1.933487934513684170e+00
4.673984741533190856e+01,-1.809933948254007774e+00,7.288405479396798947e-01,5.600058354587368115e+00,1.951171299851285346e+00
4.684057984510633332e+01,-1.867987517509732687e+00,5.411395828265216368e-01,5.622371015340237754e+00,1.944790326403809555e+00
4.694131227488075098e+01,-1.906775110501518711e+00,3.438244316533765610e-01,5.641677116596342856e+00,1.937525886750896209e+00
4.704204470465517574e+01,-1.933131685036909353e+00,1.620132563321726171e-01,5.645765852462962364e+00,1.939908865622556711e+00
4.714277713442960049e+01,-1.953048666159837854e+00,-2.721901844905136314e-02,5.657480209426108964e+00,1.953238328354748310e+00
4.724350956420401815e+01,-1.941504351171020160e+00,-2.319266114556401137e-01,5.667752588204369779e+00,1.955307929385369015e+00
4.734424199397844291e+01,-1.900645850871720111e+00,-4.218338634399269038e-01,5.671372628861690579e+00,1.946894567967289769e+00
4.744497442375286766e+01,-1.828692946960113641e+00,-6.112395212362663477e-01,5.688991584849373062e+00,1.928142019298061172e+00
4.754570685352728532e+01,-1.758638115922216416e+00,-7.897700615879141850e-01,5.711805256545408938e+00,1.927834218223916762e+00
4.764643928330171008e+01,-1.689063732835934806e+00,-9.668045074751555612e-01,5.720734900323743766e+00,1.946187876145553552e+00
4.774717171307613484e+01,-1.576089805330725735e+00,-1.121285709359596261e+00,5.732881227749096809e+00,1.934254563515748204e+00
4.784790414285055249e+01,-1.441514566789554364e+00,-1.269086647781569654e+00,5.744509729103335793e+00,1.920558555692572167e+00
4.794863657262497725e+01,-1.289869029371136566e+00,-1.405122879715236195e+00,5.749118918305581083e+00,1.907388901097538669e+00
4.804936900239940201e+01,-1.152113282297998698e+00,-1.537362163325653786e+00,5.755825862398628701e+00,1.921157837470102825e+00
4.815010143217381966e+01,-9.922003253075997176e-01,-1.636161543690709541e+00,5.775501211615184260e+00,1.913501001461162643e+00
4.825083386194824442e+01,-8.314119525684363632e-01,-1.712577923386882750e+00,5.797214097076895278e+00,1.903725027031421879e+00
4.835156629172266207e+01,-6.372910098702487813e-01,-1.762686729196606628e+00,5.800619487135032948e+00,1.874354378592071990e+00
4.845229872149708683e+01,-4.403270144036304234e-01,-1.818106267324396619e+00,5.817729740853853748e+00,1.870667869745419321e+00
4.855303115127151159e+01,-2.479953017937822635e-01,-1.847720314189250645e+00,5.823971066463768054e+00,1.864288612092937614e+00
4.865376358104592924e+01,-7.523906386511140798e-02,-1.855342218962757750e+00,5.836759463985222496e+00,1.856867164391935665e+00
4.875449601082035400e+01,1.046664631644115273e-01,-1.828115643187456341e+00,5.852973897691973626e+00,1.831109465154400429e+00
4.885522844059477876e+01,2.829626249232114477e-01,-1.783955279499368496e+00,5.862488050826787145e+00,1.806256982369093489e+00
4.895596087036919641e+01,4.738439467422826401e-01,-1.751155901202571030e+00,5.881382187021314323e+00,1.814132044858061565e+00
4.905669330014362117e+01,6.404998725668953341e-01,-1.687673438476944066e+00,5.892614919100883419e+00,1.805126511272492573e+00
4.915742572991804593e+01,8.025249366181628208e-01,-1.586037146362232031e+00,5.895828525696658495e+00,1.777515148609102091e+00
4.925815815969246358e+01,9.305353495853447843e-01,-1.486047444447960109e+00,5.902503665074985584e+00,1.753349093585824692e+00
4.935889058946688834e+01,1.070279358778993606e+00,-1.371768056874993480e+00,5.919198234623440413e+00,1.739898131411999893e+00
4.945962301924131310e+01,1.189173433994979767e+00,-1.257606216690854595e+00,5.931205042164580554e+00,1.730811038900231136e+00
4.956035544901573076e+01,1.313422290906736567e+00,-1.115639105379045537e+00,5.945428278727078464e+00,1.723290088087799932e+00
4.966108787879015551e+01,1.394578935356029392e+00,-9.486486147571321359e-01,5.964572053043823985e+00,1.686648926486891131e+00
4.976182030856457317e+01,1.460511933865657808e+00,-7.973812481737991842e-01,5.978464657724731346e+00,1.664004796839002376e+00
4.986255273833899793e+01,1.520923207919443909e+00,-6.482669575612378665e-01,5.979878353073186048e+00,1.653317105897617934e+00
4.996328516811342269e+01,1.565564028941977437e+00,-4.941434018652847704e-01,5.991491372192967013e+00,1.641696814373480251e+00
5.006401759788784034e+01,1.574886691101969216e+00,-3.284536036518405089e-01,5.999512235583933872e+00,1.608772780588355600e+00
5.016475002766226510e+01,1.571898240551597992e+00,-1.602970659249058349e-01,6.017911563447803758e+00,1.580050387802029332e+00
5.026548245743668986e+01,1.565352673455985721e+00,9.847908091961128652e-03,6.027131978620687391e+00,1.565383650607603983e+00
